"DESCRIPTION","DURATION IN MS","NAME","PARENT SUITE","START TIME","STATUS","STOP TIME","SUB SUITE","SUITE","TEST CLASS","TEST METHOD"
"","2446","should remove items from cart successfully","chromium","Tue Oct 21 18:25:55 UTC 2025","passed","Tue Oct 21 18:25:58 UTC 2025","Cart Management Flow Tests","","",""
"","2320","should remove items from inventory page","chromium","Tue Oct 21 18:25:55 UTC 2025","passed","Tue Oct 21 18:25:58 UTC 2025","Cart Management Flow Tests","","",""
"","2590","should maintain cart state when continuing shopping","chromium","Tue Oct 21 18:25:55 UTC 2025","passed","Tue Oct 21 18:25:58 UTC 2025","Cart Management Flow Tests","","",""
"","843","should display error message when password is missing","chromium","Tue Oct 21 18:25:59 UTC 2025","passed","Tue Oct 21 18:26:00 UTC 2025","Login Flow Tests","","",""
"","1119","should complete purchase with single item","chromium","Tue Oct 21 18:26:00 UTC 2025","passed","Tue Oct 21 18:26:01 UTC 2025","End-to-End Purchase Flow Tests","","",""
"","16739","should display correct item count in cart badge","chromium","Tue Oct 21 18:25:58 UTC 2025","passed","Tue Oct 21 18:26:14 UTC 2025","Cart Management Flow Tests","","",""
"","1393","should complete full purchase flow successfully","chromium","Tue Oct 21 18:25:59 UTC 2025","passed","Tue Oct 21 18:26:00 UTC 2025","End-to-End Purchase Flow Tests","","",""
"","2274","should add items to cart successfully","chromium","Tue Oct 21 18:25:55 UTC 2025","passed","Tue Oct 21 18:25:58 UTC 2025","Cart Management Flow Tests","","",""
"","858","should display error message when username is missing","chromium","Tue Oct 21 18:25:59 UTC 2025","passed","Tue Oct 21 18:26:00 UTC 2025","Login Flow Tests","","",""
"","1087","should complete purchase with multiple items","chromium","Tue Oct 21 18:26:00 UTC 2025","passed","Tue Oct 21 18:26:01 UTC 2025","End-to-End Purchase Flow Tests","","",""
"","1027","should display error message for invalid credentials","chromium","Tue Oct 21 18:25:58 UTC 2025","passed","Tue Oct 21 18:25:59 UTC 2025","Login Flow Tests","","",""
"","1029","should display error message for locked out user","chromium","Tue Oct 21 18:25:58 UTC 2025","passed","Tue Oct 21 18:25:59 UTC 2025","Login Flow Tests","","",""
"","1169","should successfully login with valid standard user credentials","chromium","Tue Oct 21 18:25:58 UTC 2025","passed","Tue Oct 21 18:25:59 UTC 2025","Login Flow Tests","","",""
